<?xml version="1.0" encoding="utf-8"?>
<RARobotClass xmlns:xsi="http://www.w3.org/2001/XMLSchema-instance" xmlns:xsd="http://www.w3.org/2001/XMLSchema">
  <SelectedRobot>9DOF</SelectedRobot>
  <DOF>9</DOF>
  <JointList>
    <RAJoint xsi:type="RAPrismaticJoint">
      <JointLength>100</JointLength>
      <TwistAngle>90</TwistAngle>
      <JVInitial>0</JVInitial>
      <JVFinal>500</JVFinal>
      <Index>0</Index>
      <JointAngle>90</JointAngle>
    </RAJoint>
    <RAJoint xsi:type="RARevoluteJoint">
      <JointLength>100</JointLength>
      <TwistAngle>0</TwistAngle>
      <JVInitial>0</JVInitial>
      <JVFinal>90</JVFinal>
      <Index>1</Index>
      <JointOffset>50</JointOffset>
    </RAJoint>
    <RAJoint xsi:type="RARevoluteJoint">
      <JointLength>100</JointLength>
      <TwistAngle>90</TwistAngle>
      <JVInitial>0</JVInitial>
      <JVFinal>90</JVFinal>
      <Index>2</Index>
      <JointOffset>50</JointOffset>
    </RAJoint>
    <RAJoint xsi:type="RAPrismaticJoint">
      <JointLength>100</JointLength>
      <TwistAngle>0</TwistAngle>
      <JVInitial>0</JVInitial>
      <JVFinal>300</JVFinal>
      <Index>3</Index>
      <JointAngle>90</JointAngle>
    </RAJoint>
    <RAJoint xsi:type="RARevoluteJoint">
      <JointLength>300</JointLength>
      <TwistAngle>0</TwistAngle>
      <JVInitial>0</JVInitial>
      <JVFinal>90</JVFinal>
      <Index>4</Index>
      <JointOffset>50</JointOffset>
    </RAJoint>
    <RAJoint xsi:type="RARevoluteJoint">
      <JointLength>100</JointLength>
      <TwistAngle>0</TwistAngle>
      <JVInitial>0</JVInitial>
      <JVFinal>90</JVFinal>
      <Index>5</Index>
      <JointOffset>50</JointOffset>
    </RAJoint>
    <RAJoint xsi:type="RARevoluteJoint">
      <JointLength>300</JointLength>
      <TwistAngle>90</TwistAngle>
      <JVInitial>0</JVInitial>
      <JVFinal>90</JVFinal>
      <Index>6</Index>
      <JointOffset>50</JointOffset>
    </RAJoint>
    <RAJoint xsi:type="RARevoluteJoint">
      <JointLength>100</JointLength>
      <TwistAngle>0</TwistAngle>
      <JVInitial>0</JVInitial>
      <JVFinal>90</JVFinal>
      <Index>7</Index>
      <JointOffset>50</JointOffset>
    </RAJoint>
    <RAJoint xsi:type="RAPrismaticJoint">
      <JointLength>0</JointLength>
      <TwistAngle>0</TwistAngle>
      <JVInitial>0</JVInitial>
      <JVFinal>100</JVFinal>
      <Index>8</Index>
      <JointAngle>90</JointAngle>
    </RAJoint>
  </JointList>
  <LinkList>
    <RALink xsi:type="RALinkPR">
      <Name>Link1</Name>
      <LinkGraphicProperty>
        <Color>Gainsboro</Color>
      </LinkGraphicProperty>
      <Index>0</Index>
      <LinkMassProperty>
        <Mass>1</Mass>
        <Ixx>0</Ixx>
        <Iyy>0.00333</Iyy>
        <Izz>0.00333</Izz>
        <Ixy>0</Ixy>
        <Iyz>0</Iyz>
        <Izx>0</Izx>
      </LinkMassProperty>
      <LinkCGProperty>
        <Rx>0.1</Rx>
        <Ry>0</Ry>
        <Rz>0</Rz>
      </LinkCGProperty>
      <LinkLength>100</LinkLength>
      <TwistAngle>90</TwistAngle>
      <DHVisualize>JointOffset</DHVisualize>
      <JointAngle>90</JointAngle>
    </RALink>
    <RALink xsi:type="RALinkRR">
      <Name>Link2</Name>
      <LinkGraphicProperty>
        <Color>DarkGreen</Color>
      </LinkGraphicProperty>
      <Index>1</Index>
      <LinkMassProperty>
        <Mass>1</Mass>
        <Ixx>0</Ixx>
        <Iyy>0.00333</Iyy>
        <Izz>0.00333</Izz>
        <Ixy>0</Ixy>
        <Iyz>0</Iyz>
        <Izx>0</Izx>
      </LinkMassProperty>
      <LinkCGProperty>
        <Rx>0.1</Rx>
        <Ry>0</Ry>
        <Rz>0</Rz>
      </LinkCGProperty>
      <LinkLength>100</LinkLength>
      <TwistAngle>0</TwistAngle>
      <DHVisualize>JointOffset</DHVisualize>
      <JointOffset>50</JointOffset>
    </RALink>
    <RALink xsi:type="RALinkRP">
      <Name>Link3</Name>
      <LinkGraphicProperty>
        <Color>LimeGreen</Color>
      </LinkGraphicProperty>
      <Index>2</Index>
      <LinkMassProperty>
        <Mass>1</Mass>
        <Ixx>0</Ixx>
        <Iyy>0.00333</Iyy>
        <Izz>0.00333</Izz>
        <Ixy>0</Ixy>
        <Iyz>0</Iyz>
        <Izx>0</Izx>
      </LinkMassProperty>
      <LinkCGProperty>
        <Rx>0.1</Rx>
        <Ry>0</Ry>
        <Rz>0</Rz>
      </LinkCGProperty>
      <LinkLength>100</LinkLength>
      <TwistAngle>90</TwistAngle>
      <DHVisualize>JointOffset</DHVisualize>
      <JointOffset>50</JointOffset>
      <JointOffsetNextMax>300</JointOffsetNextMax>
    </RALink>
    <RALink xsi:type="RALinkPR">
      <Name>Link4</Name>
      <LinkGraphicProperty>
        <Color>Violet</Color>
      </LinkGraphicProperty>
      <Index>3</Index>
      <LinkMassProperty>
        <Mass>1</Mass>
        <Ixx>0</Ixx>
        <Iyy>0.00333</Iyy>
        <Izz>0.00333</Izz>
        <Ixy>0</Ixy>
        <Iyz>0</Iyz>
        <Izx>0</Izx>
      </LinkMassProperty>
      <LinkCGProperty>
        <Rx>0.1</Rx>
        <Ry>0</Ry>
        <Rz>0</Rz>
      </LinkCGProperty>
      <LinkLength>100</LinkLength>
      <TwistAngle>0</TwistAngle>
      <DHVisualize>JointOffset</DHVisualize>
      <JointAngle>90</JointAngle>
    </RALink>
    <RALink xsi:type="RALinkRR">
      <Name>Link5</Name>
      <LinkGraphicProperty>
        <Color>DarkMagenta</Color>
      </LinkGraphicProperty>
      <Index>4</Index>
      <LinkMassProperty>
        <Mass>1</Mass>
        <Ixx>0</Ixx>
        <Iyy>0.00333</Iyy>
        <Izz>0.00333</Izz>
        <Ixy>0</Ixy>
        <Iyz>0</Iyz>
        <Izx>0</Izx>
      </LinkMassProperty>
      <LinkCGProperty>
        <Rx>0.1</Rx>
        <Ry>0</Ry>
        <Rz>0</Rz>
      </LinkCGProperty>
      <LinkLength>300</LinkLength>
      <TwistAngle>0</TwistAngle>
      <DHVisualize>JointOffset</DHVisualize>
      <JointOffset>50</JointOffset>
    </RALink>
    <RALink xsi:type="RALinkRR">
      <Name>Link6</Name>
      <LinkGraphicProperty>
        <Color>OrangeRed</Color>
      </LinkGraphicProperty>
      <Index>5</Index>
      <LinkMassProperty>
        <Mass>1</Mass>
        <Ixx>0</Ixx>
        <Iyy>0.00333</Iyy>
        <Izz>0.00333</Izz>
        <Ixy>0</Ixy>
        <Iyz>0</Iyz>
        <Izx>0</Izx>
      </LinkMassProperty>
      <LinkCGProperty>
        <Rx>0.1</Rx>
        <Ry>0</Ry>
        <Rz>0</Rz>
      </LinkCGProperty>
      <LinkLength>100</LinkLength>
      <TwistAngle>0</TwistAngle>
      <DHVisualize>JointOffset</DHVisualize>
      <JointOffset>50</JointOffset>
    </RALink>
    <RALink xsi:type="RALinkRR">
      <Name>Link7</Name>
      <LinkGraphicProperty>
        <Color>Aqua</Color>
      </LinkGraphicProperty>
      <Index>6</Index>
      <LinkMassProperty>
        <Mass>1</Mass>
        <Ixx>0</Ixx>
        <Iyy>0.00333</Iyy>
        <Izz>0.00333</Izz>
        <Ixy>0</Ixy>
        <Iyz>0</Iyz>
        <Izx>0</Izx>
      </LinkMassProperty>
      <LinkCGProperty>
        <Rx>0.1</Rx>
        <Ry>0</Ry>
        <Rz>0</Rz>
      </LinkCGProperty>
      <LinkLength>300</LinkLength>
      <TwistAngle>90</TwistAngle>
      <DHVisualize>JointOffset</DHVisualize>
      <JointOffset>50</JointOffset>
    </RALink>
    <RALink xsi:type="RALinkRP">
      <Name>Link8</Name>
      <LinkGraphicProperty>
        <Color>ForestGreen</Color>
      </LinkGraphicProperty>
      <Index>7</Index>
      <LinkMassProperty>
        <Mass>1</Mass>
        <Ixx>0</Ixx>
        <Iyy>0.00333</Iyy>
        <Izz>0.00333</Izz>
        <Ixy>0</Ixy>
        <Iyz>0</Iyz>
        <Izx>0</Izx>
      </LinkMassProperty>
      <LinkCGProperty>
        <Rx>0.1</Rx>
        <Ry>0</Ry>
        <Rz>0</Rz>
      </LinkCGProperty>
      <LinkLength>100</LinkLength>
      <TwistAngle>0</TwistAngle>
      <DHVisualize>JointOffset</DHVisualize>
      <JointOffset>50</JointOffset>
      <JointOffsetNextMax>100</JointOffsetNextMax>
    </RALink>
    <RALink xsi:type="RALinkPE">
      <Name>Link9</Name>
      <LinkGraphicProperty>
        <Color>Magenta</Color>
      </LinkGraphicProperty>
      <Index>8</Index>
      <LinkMassProperty>
        <Mass>1</Mass>
        <Ixx>0</Ixx>
        <Iyy>0.08333</Iyy>
        <Izz>0.08333</Izz>
        <Ixy>0</Ixy>
        <Iyz>0</Iyz>
        <Izx>0</Izx>
      </LinkMassProperty>
      <LinkCGProperty>
        <Rx>0.1</Rx>
        <Ry>0.05</Ry>
        <Rz>0</Rz>
      </LinkCGProperty>
      <LinkLength>0</LinkLength>
      <TwistAngle>0</TwistAngle>
      <DHVisualize>JointOffset</DHVisualize>
      <JointAngle>90</JointAngle>
    </RALink>
  </LinkList>
  <BaseLink xsi:type="RABaseLinkPrismatic">
    <LinkGraphicProperty>
      <Color>Gray</Color>
    </LinkGraphicProperty>
  </BaseLink>
  <ShowMarker>false</ShowMarker>
  <ShowTrace>false</ShowTrace>
  <MarkerMode>Playback</MarkerMode>
  <GravityProperty>
    <Gx>0</Gx>
    <Gy>-9.81</Gy>
    <Gz>0</Gz>
  </GravityProperty>
</RARobotClass>